company_id,company_name,num_employees
C0001,Quantum Dynamics,"10,000+ employees"
C0002,Horizon Technologies,51-200 employees
C0003,BlueWave Innovations,201-500 employees
C0004,Apex Solutions,"10,000+ employees"
C0005,Stellar Industries,51-200 employees
C0006,CloudGate Systems,501-1000 employees
C0007,Elevate Software,"10,000+ employees"
C0008,Nexus Enterprises,201-500 employees
C0009,Synergy Networks,51-200 employees
C0010,SolarFlare Energy,"5001-10,000 employees"
C0011,Peak Performance,501-1000 employees
C0012,FusionTech,51-200 employees
C0013,Velocity Ventures,"10,000+ employees"
C0014,AlphaOmega Corp,201-500 employees
C0015,Zenon Labs,1001-5000 employees
C0016,Radiant Global,1001-5000 employees
C0017,Echo Enterprises,"10,000+ employees"
C0018,Infinite Loop,51-200 employees
C0019,Prism Technologies,201-500 employees
C0020,NovaTech Industries,"5001-10,000 employees"
C0021,Vector Dynamics,501-1000 employees
C0022,SkyTech Innovations,"5001-10,000 employees"
C0023,Phoenix Solutions,1001-5000 employees
C0024,PrimeTime Industries,"5001-10,000 employees"
C0025,NextGen Systems,"5001-10,000 employees"
C0026,Insight Analytics,"5001-10,000 employees"
C0027,Frontier Robotics,1001-5000 employees
C0028,OmniCore Solutions,501-1000 employees
C0029,HorizonX Ventures,"5001-10,000 employees"
C0030,SilverLine Tech,501-1000 employees
C0031,TerraNova Systems,501-1000 employees
C0032,Vanguard Enterprises,"5001-10,000 employees"
C0033,Pulsar Technologies,201-500 employees
C0034,Neptune Solutions,51-200 employees
C0035,Summit Industries,51-200 employees
C0036,Pulse Networks,1001-5000 employees
C0037,Ionex Corp,"10,000+ employees"
C0038,SolarVista Energy,1001-5000 employees
C0039,Stratosphere Solutions,501-1000 employees
C0040,Equinox Labs,501-1000 employees
C0041,TechRise Solutions,201-500 employees
C0042,InnovateHub,501-1000 employees
C0043,Zenith Enterprises,"5001-10,000 employees"
C0044,BlueOrbit Tech,"5001-10,000 employees"
C0045,Ironclad Solutions,201-500 employees
C0046,SparkTech Labs,501-1000 employees
C0047,Apexion Industries,501-1000 employees
C0048,SolarTech Systems,51-200 employees
C0049,CrystalWave Solutions,201-500 employees
C0050,Luminary Labs,51-200 employees
C0051,Orbit Enterprises,501-1000 employees
C0052,HelixCore Solutions,"5001-10,000 employees"
C0053,CrescentTech,201-500 employees
C0054,Infinium Systems,"5001-10,000 employees"
C0055,Catalyst Networks,51-200 employees
C0056,Polaris Innovations,501-1000 employees
C0057,IonTech Systems,"5001-10,000 employees"
C0058,Hyperion Global,51-200 employees
C0059,Ascend Solutions,"5001-10,000 employees"
C0060,EchoTech Ventures,201-500 employees
C0061,Radiance Robotics,"5001-10,000 employees"
C0062,Vertex Innovations,501-1000 employees
C0063,FusionCore Systems,501-1000 employees
C0064,PrimePath Solutions,51-200 employees
C0065,Thunderbolt Tech,"10,000+ employees"
C0066,Clearstream Systems,"10,000+ employees"
C0067,Insight Edge,501-1000 employees
C0068,Odyssey Technologies,1001-5000 employees
C0069,Pulsar Enterprises,"5001-10,000 employees"
C0070,ApexPoint Solutions,"10,000+ employees"
C0071,EverGreen Tech,"5001-10,000 employees"
C0072,BlueMoon Innovations,"5001-10,000 employees"
C0073,Elevation Systems,"5001-10,000 employees"
C0074,AstroDynamics,"10,000+ employees"
C0075,PeakEdge Solutions,51-200 employees
C0076,QuantumFlux Labs,"10,000+ employees"
C0077,Innovision Systems,1001-5000 employees
C0078,Solstice Enterprises,201-500 employees
C0079,Cloudscape Solutions,"10,000+ employees"
C0080,TerraCore Technologies,1001-5000 employees
C0081,CyberLink Innovations,51-200 employees
C0082,StarWave Industries,"5001-10,000 employees"
C0083,Orbitron Systems,51-200 employees
C0084,StrideTech Solutions,201-500 employees
C0085,NextEra Innovations,501-1000 employees
C0086,Synergia Systems,1001-5000 employees
C0087,NovaEdge Solutions,201-500 employees
C0088,SolarSync Technologies,501-1000 employees
C0089,Vectorial Systems,"10,000+ employees"
C0090,EchoWave Enterprises,1001-5000 employees
C0091,TrueNorth Solutions,51-200 employees
C0092,Skyward Innovations,1001-5000 employees
C0093,PrismWave Systems,"5001-10,000 employees"
C0094,ThunderCore Solutions,1001-5000 employees
C0095,BlueSky Tech,201-500 employees
C0096,Vertex Labs,51-200 employees
C0097,LuminaTech,"10,000+ employees"
C0098,IronWave Systems,"5001-10,000 employees"
C0099,TerraEdge Solutions,1001-5000 employees
C0100,SilverStream Innovations,201-500 employees
